{
  "Link Color" : {
    "Red Component" : 0.19802422821521759,
    "Color Space" : "sRGB",
    "Alpha Component" : 1,
    "Blue Component" : 0.9337158203125,
    "Green Component" : 0.55789834260940552
  },
  "Tags" : [

  ],
  "Ansi 12 Color" : {
    "Red Component" : 0.65349078178405762,
    "Color Space" : "sRGB",
    "Alpha Component" : 1,
    "Blue Component" : 0.9485321044921875,
    "Green Component" : 0.67044717073440552
  },
  "Ansi 7 Color" : {
    "Red Component" : 0.7810397744178772,
    "Color Space" : "sRGB",
    "Alpha Component" : 1,
    "Blue Component" : 0.78104829788208008,
    "Green Component" : 0.78105825185775757
  },
  "Draw Powerline Glyphs" : true,
  "Bold Color" : {
    "Red Component" : 0.99999600648880005,
    "Color Space" : "sRGB",
    "Alpha Component" : 1,
    "Blue Component" : 1,
    "Green Component" : 1
  },
  "Ansi 8 Color" : {
    "Red Component" : 0.40781760215759277,
    "Color Space" : "sRGB",
    "Alpha Component" : 1,
    "Blue Component" : 0.4078223705291748,
    "Green Component" : 0.40782788395881653
  },
  "Ansi 9 Color" : {
    "Red Component" : 0.8659515380859375,
    "Color Space" : "sRGB",
    "Alpha Component" : 1,
    "Blue Component" : 0.45833224058151245,
    "Green Component" : 0.47524076700210571
  },
  "Custom Directory" : "No",
  "Rows" : 40,
  "Default Bookmark" : "No",
  "Right Option Key Sends" : 0,
  "Cursor Guide Color" : {
    "Red Component" : 0.70213186740875244,
    "Color Space" : "sRGB",
    "Alpha Component" : 0.25,
    "Blue Component" : 1,
    "Green Component" : 0.9268307089805603
  },
  "Non-ASCII Anti Aliased" : true,
  "Use Bright Bold" : true,
  "Ansi 10 Color" : {
    "Red Component" : 0.3450070321559906,
    "Color Space" : "sRGB",
    "Alpha Component" : 1,
    "Blue Component" : 0.56541937589645386,
    "Green Component" : 0.9042816162109375
  },
  "Icon" : 1,
  "Ambiguous Double Width" : false,
  "Jobs to Ignore" : [
    "rlogin",
    "ssh",
    "slogin",
    "telnet"
  ],
  "Ansi 15 Color" : {
    "Red Component" : 0.99999600648880005,
    "Color Space" : "sRGB",
    "Alpha Component" : 1,
    "Blue Component" : 1,
    "Green Component" : 1
  },
  "Foreground Color" : {
    "Red Component" : 0.86197912693023682,
    "Color Space" : "sRGB",
    "Alpha Component" : 1,
    "Blue Component" : 0.86198854446411133,
    "Green Component" : 0.86199951171875
  },
  "Working Directory" : "\/Users\/tri11276",
  "Blinking Cursor" : false,
  "Disable Window Resizing" : true,
  "Sync Title" : false,
  "Prompt Before Closing 2" : false,
  "BM Growl" : true,
  "Mouse Reporting" : true,
  "Command" : "",
  "Description" : "Default",
  "Screen" : -1,
  "Selection Color" : {
    "Red Component" : 0.70196080207824707,
    "Color Space" : "sRGB",
    "Alpha Component" : 1,
    "Blue Component" : 1,
    "Green Component" : 0.84313726425170898
  },
  "Only The Default BG Color Uses Transparency" : true,
  "Columns" : 100,
  "Idle Code" : 0,
  "Ansi 13 Color" : {
    "Red Component" : 0.8821563720703125,
    "Color Space" : "sRGB",
    "Alpha Component" : 1,
    "Blue Component" : 0.8821563720703125,
    "Green Component" : 0.4927266538143158
  },
  "Custom Command" : "No",
  "ASCII Anti Aliased" : true,
  "Non Ascii Font" : "Monaco 12",
  "Vertical Spacing" : 1,
  "Use Bold Font" : true,
  "Option Key Sends" : 2,
  "Selected Text Color" : {
    "Red Component" : 0,
    "Color Space" : "sRGB",
    "Alpha Component" : 1,
    "Blue Component" : 0,
    "Green Component" : 0
  },
  "Background Color" : {
    "Red Component" : 0.0806884765625,
    "Color Space" : "sRGB",
    "Alpha Component" : 1,
    "Blue Component" : 0.12103271484375,
    "Green Component" : 0.099111050367355347
  },
  "Character Encoding" : 4,
  "Ansi 11 Color" : {
    "Red Component" : 0.9259033203125,
    "Color Space" : "sRGB",
    "Alpha Component" : 1,
    "Blue Component" : 0,
    "Green Component" : 0.8833775520324707
  },
  "Use Italic Font" : true,
  "Unlimited Scrollback" : false,
  "Keyboard Map" : {
    "0xf702-0x300000" : {
      "Text" : "0x1",
      "Action" : 11
    },
    "0x39-0x200000" : {
      "Text" : "9",
      "Action" : 12
    },
    "0xf703-0x300000" : {
      "Text" : "0x5",
      "Action" : 11
    },
    "0xf702-0x280000" : {
      "Text" : "b",
      "Action" : 10
    },
    "0xf703-0x280000" : {
      "Text" : "f",
      "Action" : 10
    },
    "0x38-0x200000" : {
      "Text" : "8",
      "Action" : 12
    },
    "0x2d-0x200000" : {
      "Text" : "-",
      "Action" : 12
    },
    "0x3-0x200000" : {
      "Text" : "0xd",
      "Action" : 11
    },
    "0x37-0x200000" : {
      "Text" : "7",
      "Action" : 12
    },
    "0xf728-0x0" : {
      "Text" : "0x4",
      "Action" : 11
    },
    "0x32-0x200000" : {
      "Text" : "2",
      "Action" : 12
    },
    "0x31-0x200000" : {
      "Text" : "1",
      "Action" : 12
    },
    "0x36-0x200000" : {
      "Text" : "6",
      "Action" : 12
    },
    "0xf739-0x0" : {
      "Text" : "",
      "Action" : 13
    },
    "0xf728-0x80000" : {
      "Text" : "d",
      "Action" : 10
    },
    "0x30-0x200000" : {
      "Text" : "0",
      "Action" : 12
    },
    "0x2b-0x200000" : {
      "Text" : "+",
      "Action" : 12
    },
    "0x35-0x200000" : {
      "Text" : "5",
      "Action" : 12
    },
    "0x34-0x200000" : {
      "Text" : "4",
      "Action" : 12
    },
    "0x2a-0x200000" : {
      "Text" : "*",
      "Action" : 12
    },
    "0x2f-0x200000" : {
      "Text" : "\/",
      "Action" : 12
    },
    "0x33-0x200000" : {
      "Text" : "3",
      "Action" : 12
    },
    "0x2e-0x200000" : {
      "Text" : ".",
      "Action" : 12
    },
    "0x7f-0x80000" : {
      "Text" : "0x1b 0x7f",
      "Action" : 11
    },
    "0x7f-0x100000" : {
      "Text" : "0x15",
      "Action" : 11
    }
  },
  "Window Type" : 0,
  "Blur Radius" : 6.515527839467004,
  "Cursor Type" : 2,
  "Background Image Location" : "",
  "Blur" : true,
  "Badge Color" : {
    "Red Component" : 1,
    "Color Space" : "sRGB",
    "Alpha Component" : 0.5,
    "Blue Component" : 1,
    "Green Component" : 1
  },
  "Scrollback Lines" : 1000,
  "Send Code When Idle" : false,
  "Close Sessions On End" : true,
  "Terminal Type" : "xterm-256color",
  "Visual Bell" : true,
  "Flashing Bell" : false,
  "Silence Bell" : false,
  "Ansi 14 Color" : {
    "Red Component" : 0.37597531080245972,
    "Color Space" : "sRGB",
    "Alpha Component" : 1,
    "Blue Component" : 1,
    "Green Component" : 0.99263292551040649
  },
  "ASCII Ligatures" : true,
  "Cursor Text Color" : {
    "Red Component" : 0,
    "Color Space" : "sRGB",
    "Alpha Component" : 1,
    "Blue Component" : 0,
    "Green Component" : 0
  },
  "Name" : "Default",
  "Minimum Contrast" : 0,
  "Shortcut" : "",
  "Cursor Color" : {
    "Red Component" : 0.99997633695602417,
    "Color Space" : "sRGB",
    "Alpha Component" : 1,
    "Blue Component" : 0.99998724460601807,
    "Green Component" : 1
  },
  "Transparency" : 0.015740006345177665,
  "Ansi 1 Color" : {
    "Red Component" : 0.7074432373046875,
    "Color Space" : "sRGB",
    "Alpha Component" : 1,
    "Blue Component" : 0.16300037503242493,
    "Green Component" : 0.23660069704055786
  },
  "Horizontal Spacing" : 1,
  "Ansi 3 Color" : {
    "Red Component" : 0.78058648109436035,
    "Color Space" : "sRGB",
    "Alpha Component" : 1,
    "Blue Component" : 0,
    "Green Component" : 0.76959484815597534
  },
  "Ansi 4 Color" : {
    "Red Component" : 0.15404300391674042,
    "Color Space" : "sRGB",
    "Alpha Component" : 1,
    "Blue Component" : 0.78216177225112915,
    "Green Component" : 0.26474356651306152
  },
  "Ansi 5 Color" : {
    "Red Component" : 0.752197265625,
    "Color Space" : "sRGB",
    "Alpha Component" : 1,
    "Blue Component" : 0.74494361877441406,
    "Green Component" : 0.24931684136390686
  },
  "Use Non-ASCII Font" : false,
  "Ansi 6 Color" : {
    "Red Component" : 0,
    "Color Space" : "sRGB",
    "Alpha Component" : 1,